{"cameraMode":{"drawMode":0,"name":"Shaded","section":"Shading Mode"},"sceneLighting":true,"audioPlay":false,"sceneViewState":{"m_AlwaysRefresh":false,"showFog":true,"showSkybox":true,"showFlares":true,"showImageEffects":true,"showParticleSystems":true,"showVisualEffectGraphs":true,"m_FxEnabled":true},"in2DMode":false,"pivot":{"x":18.068872451782228,"y":-4.725175857543945,"z":1.6166839599609376},"rotation":{"x":0.0842827633023262,"y":0.16101272404193879,"z":-0.013818725012242794,"w":0.983282744884491},"size":32.928897857666019,"orthographic":false}